<?xml version="1.0" encoding="UTF-8"?>
<config xmlns="http://www.knime.org/2008/09/XMLConfig" xmlns:xsi="http://www.w3.org/2001/XMLSchema-instance" xsi:schemaLocation="http://www.knime.org/2008/09/XMLConfig http://www.knime.org/XMLConfig_2008_09.xsd" key="MiningSchema">
    <config key="learning">
        <entry key="array-size" type="xint" value="15"/>
        <entry key="0" type="xstring" value="SatzNR"/>
        <entry key="1" type="xstring" value="Documents"/>
        <entry key="2" type="xstring" value="best…"/>
        <entry key="3" type="xstring" value="box"/>
        <entry key="4" type="xstring" value="eindruck"/>
        <entry key="5" type="xstring" value="funktioniert"/>
        <entry key="6" type="xstring" value="groß"/>
        <entry key="7" type="xstring" value="gut"/>
        <entry key="8" type="xstring" value="kaufen"/>
        <entry key="9" type="xstring" value="mist"/>
        <entry key="10" type="xstring" value="produkt"/>
        <entry key="11" type="xstring" value="teuer"/>
        <entry key="12" type="xstring" value="top"/>
        <entry key="13" type="xstring" value="unbedingt"/>
        <entry key="14" type="xstring" value="welt"/>
    </config>
    <config key="target">
        <entry key="array-size" type="xint" value="1"/>
        <entry key="0" type="xstring" value="SENTIMENT?"/>
    </config>
</config>
