<?xml version="1.0" encoding="UTF-8"?>
<config xmlns="http://www.knime.org/2008/09/XMLConfig" xmlns:xsi="http://www.w3.org/2001/XMLSchema-instance" xsi:schemaLocation="http://www.knime.org/2008/09/XMLConfig http://www.knime.org/XMLConfig_2008_09.xsd" key="MiningSchema">
    <config key="learning">
        <entry key="array-size" type="xint" value="27"/>
        <entry key="0" type="xstring" value="tenure"/>
        <entry key="1" type="xstring" value="age"/>
        <entry key="2" type="xstring" value="address"/>
        <entry key="3" type="xstring" value="income"/>
        <entry key="4" type="xstring" value="ed"/>
        <entry key="5" type="xstring" value="employ"/>
        <entry key="6" type="xstring" value="equip"/>
        <entry key="7" type="xstring" value="callcard"/>
        <entry key="8" type="xstring" value="wireless"/>
        <entry key="9" type="xstring" value="longmon"/>
        <entry key="10" type="xstring" value="tollmon"/>
        <entry key="11" type="xstring" value="equipmon"/>
        <entry key="12" type="xstring" value="cardmon"/>
        <entry key="13" type="xstring" value="wiremon"/>
        <entry key="14" type="xstring" value="longten"/>
        <entry key="15" type="xstring" value="tollten"/>
        <entry key="16" type="xstring" value="cardten"/>
        <entry key="17" type="xstring" value="voice"/>
        <entry key="18" type="xstring" value="pager"/>
        <entry key="19" type="xstring" value="internet"/>
        <entry key="20" type="xstring" value="callwait"/>
        <entry key="21" type="xstring" value="confer"/>
        <entry key="22" type="xstring" value="ebill"/>
        <entry key="23" type="xstring" value="loglong"/>
        <entry key="24" type="xstring" value="logtoll"/>
        <entry key="25" type="xstring" value="lninc"/>
        <entry key="26" type="xstring" value="custcat"/>
    </config>
    <config key="target">
        <entry key="array-size" type="xint" value="1"/>
        <entry key="0" type="xstring" value="churn"/>
    </config>
</config>
