<?xml version="1.0" encoding="UTF-8"?>
<config xmlns="http://www.knime.org/2008/09/XMLConfig" xmlns:xsi="http://www.w3.org/2001/XMLSchema-instance" xsi:schemaLocation="http://www.knime.org/2008/09/XMLConfig http://www.knime.org/XMLConfig_2008_09.xsd" key="MiningSchema">
    <config key="learning">
        <entry key="array-size" type="xint" value="12"/>
        <entry key="0" type="xstring" value="Betreff"/>
        <entry key="1" type="xstring" value="tipp"/>
        <entry key="2" type="xstring" value="haarausfall"/>
        <entry key="3" type="xstring" value="geburtstag"/>
        <entry key="4" type="xstring" value="schulden"/>
        <entry key="5" type="xstring" value="kostenlos"/>
        <entry key="6" type="xstring" value="helfen"/>
        <entry key="7" type="xstring" value="mama"/>
        <entry key="8" type="xstring" value="party"/>
        <entry key="9" type="xstring" value="weniger"/>
        <entry key="10" type="xstring" value="geldsorgen"/>
        <entry key="11" type="xstring" value="viagra"/>
    </config>
    <config key="target">
        <entry key="array-size" type="xint" value="1"/>
        <entry key="0" type="xstring" value="SPAM?"/>
    </config>
</config>
