<?xml version="1.0" encoding="UTF-8"?>
<config xmlns="http://www.knime.org/2008/09/XMLConfig" xmlns:xsi="http://www.w3.org/2001/XMLSchema-instance" xsi:schemaLocation="http://www.knime.org/2008/09/XMLConfig http://www.knime.org/XMLConfig_2008_09.xsd" key="model.xml">
    <entry key="version" type="xint" value="1"/>
    <entry key="class_name" type="xstring" value="org.knime.base.data.normalize.NormalizerPortObject"/>
    <config key="model">
        <config key="columns">
            <config key="age">
                <entry key="column_name" type="xstring" value="age"/>
                <entry key="column_scale" type="xdouble" value="0.014084507042253521"/>
                <entry key="column_translate" type="xdouble" value="-0.23943661971830987"/>
                <entry key="column_min" type="xdouble" value="0.0"/>
                <entry key="column_max" type="xdouble" value="1.0"/>
            </config>
            <config key="fnlwgt">
                <entry key="column_name" type="xstring" value="fnlwgt"/>
                <entry key="column_scale" type="xdouble" value="2.1665890305597384E-6"/>
                <entry key="column_translate" type="xdouble" value="-0.02983176436177704"/>
                <entry key="column_min" type="xdouble" value="0.0"/>
                <entry key="column_max" type="xdouble" value="1.0"/>
            </config>
            <config key="education-num">
                <entry key="column_name" type="xstring" value="education-num"/>
                <entry key="column_scale" type="xdouble" value="0.07692307692307693"/>
                <entry key="column_translate" type="xdouble" value="-0.23076923076923078"/>
                <entry key="column_min" type="xdouble" value="0.0"/>
                <entry key="column_max" type="xdouble" value="1.0"/>
            </config>
            <config key="capital-gain">
                <entry key="column_name" type="xstring" value="capital-gain"/>
                <entry key="column_scale" type="xdouble" value="1.0"/>
                <entry key="column_translate" type="xdouble" value="0.0"/>
                <entry key="column_min" type="xdouble" value="0.0"/>
                <entry key="column_max" type="xdouble" value="1.0"/>
            </config>
            <config key="capital-loss">
                <entry key="column_name" type="xstring" value="capital-loss"/>
                <entry key="column_scale" type="xdouble" value="1.0"/>
                <entry key="column_translate" type="xdouble" value="0.0"/>
                <entry key="column_min" type="xdouble" value="0.0"/>
                <entry key="column_max" type="xdouble" value="1.0"/>
            </config>
            <config key="hours-per-week">
                <entry key="column_name" type="xstring" value="hours-per-week"/>
                <entry key="column_scale" type="xdouble" value="0.04"/>
                <entry key="column_translate" type="xdouble" value="-1.2"/>
                <entry key="column_min" type="xdouble" value="0.0"/>
                <entry key="column_max" type="xdouble" value="1.0"/>
            </config>
        </config>
        <entry key="summary" type="xstring" value="Min/Max (0.0, 1) normalization on 6 column(s)"/>
    </config>
</config>
