<?xml version="1.0" encoding="UTF-8"?>
<config xmlns="http://www.knime.org/2008/09/XMLConfig" xmlns:xsi="http://www.w3.org/2001/XMLSchema-instance" xsi:schemaLocation="http://www.knime.org/2008/09/XMLConfig http://www.knime.org/XMLConfig_2008_09.xsd" key="model.xml">
    <entry key="version" type="xint" value="1"/>
    <entry key="class_name" type="xstring" value="org.knime.base.data.normalize.NormalizerPortObject"/>
    <config key="model">
        <config key="columns">
            <config key="'Clump_thickness'">
                <entry key="column_name" type="xstring" value="'Clump_thickness'"/>
                <entry key="column_scale" type="xdouble" value="0.1111111111111111"/>
                <entry key="column_translate" type="xdouble" value="-0.1111111111111111"/>
                <entry key="column_min" type="xdouble" value="0.0"/>
                <entry key="column_max" type="xdouble" value="1.0"/>
            </config>
            <config key="'Uniformity_Cell_Size'">
                <entry key="column_name" type="xstring" value="'Uniformity_Cell_Size'"/>
                <entry key="column_scale" type="xdouble" value="0.1111111111111111"/>
                <entry key="column_translate" type="xdouble" value="-0.1111111111111111"/>
                <entry key="column_min" type="xdouble" value="0.0"/>
                <entry key="column_max" type="xdouble" value="1.0"/>
            </config>
            <config key="'Uniformity_Cell_Shape'">
                <entry key="column_name" type="xstring" value="'Uniformity_Cell_Shape'"/>
                <entry key="column_scale" type="xdouble" value="0.1111111111111111"/>
                <entry key="column_translate" type="xdouble" value="-0.1111111111111111"/>
                <entry key="column_min" type="xdouble" value="0.0"/>
                <entry key="column_max" type="xdouble" value="1.0"/>
            </config>
            <config key="'Marginal_Adhesion'">
                <entry key="column_name" type="xstring" value="'Marginal_Adhesion'"/>
                <entry key="column_scale" type="xdouble" value="0.1111111111111111"/>
                <entry key="column_translate" type="xdouble" value="-0.1111111111111111"/>
                <entry key="column_min" type="xdouble" value="0.0"/>
                <entry key="column_max" type="xdouble" value="1.0"/>
            </config>
            <config key="'Single_Epithelial_Cell_Size'">
                <entry key="column_name" type="xstring" value="'Single_Epithelial_Cell_Size'"/>
                <entry key="column_scale" type="xdouble" value="0.1111111111111111"/>
                <entry key="column_translate" type="xdouble" value="-0.1111111111111111"/>
                <entry key="column_min" type="xdouble" value="0.0"/>
                <entry key="column_max" type="xdouble" value="1.0"/>
            </config>
            <config key="'Bland_Chromatin'">
                <entry key="column_name" type="xstring" value="'Bland_Chromatin'"/>
                <entry key="column_scale" type="xdouble" value="0.1111111111111111"/>
                <entry key="column_translate" type="xdouble" value="-0.1111111111111111"/>
                <entry key="column_min" type="xdouble" value="0.0"/>
                <entry key="column_max" type="xdouble" value="1.0"/>
            </config>
            <config key="'Normal_Nucleoli'">
                <entry key="column_name" type="xstring" value="'Normal_Nucleoli'"/>
                <entry key="column_scale" type="xdouble" value="0.1111111111111111"/>
                <entry key="column_translate" type="xdouble" value="-0.1111111111111111"/>
                <entry key="column_min" type="xdouble" value="0.0"/>
                <entry key="column_max" type="xdouble" value="1.0"/>
            </config>
            <config key="'Mitoses'">
                <entry key="column_name" type="xstring" value="'Mitoses'"/>
                <entry key="column_scale" type="xdouble" value="0.1111111111111111"/>
                <entry key="column_translate" type="xdouble" value="-0.1111111111111111"/>
                <entry key="column_min" type="xdouble" value="0.0"/>
                <entry key="column_max" type="xdouble" value="1.0"/>
            </config>
        </config>
        <entry key="summary" type="xstring" value="Min/Max (0.0, 1) normalization on 8 column(s)"/>
    </config>
</config>
