<?xml version="1.0" encoding="UTF-8"?>
<config xmlns="http://www.knime.org/2008/09/XMLConfig" xmlns:xsi="http://www.w3.org/2001/XMLSchema-instance" xsi:schemaLocation="http://www.knime.org/2008/09/XMLConfig http://www.knime.org/XMLConfig_2008_09.xsd" key="MiningSchema">
    <config key="learning">
        <entry key="array-size" type="xint" value="4"/>
        <entry key="0" type="xstring" value="age"/>
        <entry key="1" type="xstring" value="fnlwgt"/>
        <entry key="2" type="xstring" value="education-num"/>
        <entry key="3" type="xstring" value="hours-per-week"/>
    </config>
    <config key="target">
        <entry key="array-size" type="xint" value="1"/>
        <entry key="0" type="xstring" value="income"/>
    </config>
</config>
