<?xml version="1.0" encoding="UTF-8"?>
<config xmlns="http://www.knime.org/2008/09/XMLConfig" xmlns:xsi="http://www.w3.org/2001/XMLSchema-instance" xsi:schemaLocation="http://www.knime.org/2008/09/XMLConfig http://www.knime.org/XMLConfig_2008_09.xsd" key="Table Spec">
    <config key="table.spec">
        <entry key="spec_name" type="xstring" value="default"/>
        <entry key="number_columns" type="xint" value="9"/>
        <config key="column_spec_0">
            <entry key="column_name" type="xstring" value="ID"/>
            <config key="element_names">
                <entry key="array-size" type="xint" value="0"/>
            </config>
            <config key="column_type">
                <entry key="cell_class" type="xstring" value="org.knime.core.data.def.IntCell"/>
            </config>
            <config key="column_domain">
                <config key="lower_bound">
                    <entry key="datacell" type="xstring" value="org.knime.core.data.def.IntCell"/>
                    <config key="org.knime.core.data.def.IntCell">
                        <entry key="IntCell" type="xint" value="1"/>
                    </config>
                </config>
                <config key="upper_bound">
                    <entry key="datacell" type="xstring" value="org.knime.core.data.def.IntCell"/>
                    <config key="org.knime.core.data.def.IntCell">
                        <entry key="IntCell" type="xint" value="8"/>
                    </config>
                </config>
            </config>
            <config key="column_properties"/>
            <config key="meta_data"/>
        </config>
        <config key="column_spec_1">
            <entry key="column_name" type="xstring" value="Gender"/>
            <config key="element_names">
                <entry key="array-size" type="xint" value="0"/>
            </config>
            <config key="column_type">
                <entry key="cell_class" type="xstring" value="org.knime.core.data.def.StringCell"/>
            </config>
            <config key="column_domain">
                <config key="possible_values">
                    <entry key="array-size" type="xint" value="3"/>
                    <config key="0">
                        <entry key="datacell" type="xstring" value="org.knime.core.data.def.StringCell"/>
                        <config key="org.knime.core.data.def.StringCell">
                            <entry key="StringCell" type="xstring" value="maennlich"/>
                        </config>
                    </config>
                    <config key="1">
                        <entry key="datacell" type="xstring" value="org.knime.core.data.def.StringCell"/>
                        <config key="org.knime.core.data.def.StringCell">
                            <entry key="StringCell" type="xstring" value="divers"/>
                        </config>
                    </config>
                    <config key="2">
                        <entry key="datacell" type="xstring" value="org.knime.core.data.def.StringCell"/>
                        <config key="org.knime.core.data.def.StringCell">
                            <entry key="StringCell" type="xstring" value="weiblich"/>
                        </config>
                    </config>
                </config>
            </config>
            <config key="column_properties"/>
            <config key="meta_data"/>
        </config>
        <config key="column_spec_2">
            <entry key="column_name" type="xstring" value="Fuehrerschein (j/n)"/>
            <config key="element_names">
                <entry key="array-size" type="xint" value="0"/>
            </config>
            <config key="column_type">
                <entry key="cell_class" type="xstring" value="org.knime.core.data.def.BooleanCell"/>
            </config>
            <config key="column_domain">
                <config key="lower_bound">
                    <entry key="datacell" type="xstring" value="org.knime.core.data.def.BooleanCell"/>
                    <config key="org.knime.core.data.def.BooleanCell">
                        <entry key="BooleanCell" type="xboolean" value="false"/>
                    </config>
                </config>
                <config key="upper_bound">
                    <entry key="datacell" type="xstring" value="org.knime.core.data.def.BooleanCell"/>
                    <config key="org.knime.core.data.def.BooleanCell">
                        <entry key="BooleanCell" type="xboolean" value="true"/>
                    </config>
                </config>
                <config key="possible_values">
                    <entry key="array-size" type="xint" value="2"/>
                    <config key="0">
                        <entry key="datacell" type="xstring" value="org.knime.core.data.def.BooleanCell"/>
                        <config key="org.knime.core.data.def.BooleanCell">
                            <entry key="BooleanCell" type="xboolean" value="true"/>
                        </config>
                    </config>
                    <config key="1">
                        <entry key="datacell" type="xstring" value="org.knime.core.data.def.BooleanCell"/>
                        <config key="org.knime.core.data.def.BooleanCell">
                            <entry key="BooleanCell" type="xboolean" value="false"/>
                        </config>
                    </config>
                </config>
            </config>
            <config key="column_properties"/>
            <config key="meta_data"/>
        </config>
        <config key="column_spec_3">
            <entry key="column_name" type="xstring" value="Hoechster Abschluss"/>
            <config key="element_names">
                <entry key="array-size" type="xint" value="0"/>
            </config>
            <config key="column_type">
                <entry key="cell_class" type="xstring" value="org.knime.core.data.def.StringCell"/>
            </config>
            <config key="column_domain">
                <config key="possible_values">
                    <entry key="array-size" type="xint" value="5"/>
                    <config key="0">
                        <entry key="datacell" type="xstring" value="org.knime.core.data.def.StringCell"/>
                        <config key="org.knime.core.data.def.StringCell">
                            <entry key="StringCell" type="xstring" value="1-kein Abschluss"/>
                        </config>
                    </config>
                    <config key="1">
                        <entry key="datacell" type="xstring" value="org.knime.core.data.def.StringCell"/>
                        <config key="org.knime.core.data.def.StringCell">
                            <entry key="StringCell" type="xstring" value="2-Sek.2"/>
                        </config>
                    </config>
                    <config key="2">
                        <entry key="datacell" type="xstring" value="org.knime.core.data.def.StringCell"/>
                        <config key="org.knime.core.data.def.StringCell">
                            <entry key="StringCell" type="xstring" value="3-Ausbildung"/>
                        </config>
                    </config>
                    <config key="3">
                        <entry key="datacell" type="xstring" value="org.knime.core.data.def.StringCell"/>
                        <config key="org.knime.core.data.def.StringCell">
                            <entry key="StringCell" type="xstring" value="5-Studium"/>
                        </config>
                    </config>
                    <config key="4">
                        <entry key="datacell" type="xstring" value="org.knime.core.data.def.StringCell"/>
                        <config key="org.knime.core.data.def.StringCell">
                            <entry key="StringCell" type="xstring" value="4-Abitur"/>
                        </config>
                    </config>
                </config>
            </config>
            <config key="column_properties"/>
            <config key="meta_data"/>
        </config>
        <config key="column_spec_4">
            <entry key="column_name" type="xstring" value="Geburtsjahr"/>
            <config key="element_names">
                <entry key="array-size" type="xint" value="0"/>
            </config>
            <config key="column_type">
                <entry key="cell_class" type="xstring" value="org.knime.core.data.def.IntCell"/>
            </config>
            <config key="column_domain">
                <config key="lower_bound">
                    <entry key="datacell" type="xstring" value="org.knime.core.data.def.IntCell"/>
                    <config key="org.knime.core.data.def.IntCell">
                        <entry key="IntCell" type="xint" value="1985"/>
                    </config>
                </config>
                <config key="upper_bound">
                    <entry key="datacell" type="xstring" value="org.knime.core.data.def.IntCell"/>
                    <config key="org.knime.core.data.def.IntCell">
                        <entry key="IntCell" type="xint" value="2000"/>
                    </config>
                </config>
            </config>
            <config key="column_properties"/>
            <config key="meta_data"/>
        </config>
        <config key="column_spec_5">
            <entry key="column_name" type="xstring" value="Alter"/>
            <config key="element_names">
                <entry key="array-size" type="xint" value="0"/>
            </config>
            <config key="column_type">
                <entry key="cell_class" type="xstring" value="org.knime.core.data.def.IntCell"/>
            </config>
            <config key="column_domain">
                <config key="lower_bound">
                    <entry key="datacell" type="xstring" value="org.knime.core.data.def.IntCell"/>
                    <config key="org.knime.core.data.def.IntCell">
                        <entry key="IntCell" type="xint" value="24"/>
                    </config>
                </config>
                <config key="upper_bound">
                    <entry key="datacell" type="xstring" value="org.knime.core.data.def.IntCell"/>
                    <config key="org.knime.core.data.def.IntCell">
                        <entry key="IntCell" type="xint" value="39"/>
                    </config>
                </config>
            </config>
            <config key="column_properties"/>
            <config key="meta_data"/>
        </config>
        <config key="column_spec_6">
            <entry key="column_name" type="xstring" value="Groesse"/>
            <config key="element_names">
                <entry key="array-size" type="xint" value="0"/>
            </config>
            <config key="column_type">
                <entry key="cell_class" type="xstring" value="org.knime.core.data.def.DoubleCell"/>
            </config>
            <config key="column_domain">
                <config key="lower_bound">
                    <entry key="datacell" type="xstring" value="org.knime.core.data.def.DoubleCell"/>
                    <config key="org.knime.core.data.def.DoubleCell">
                        <entry key="DoubleCell" type="xdouble" value="1.6"/>
                    </config>
                </config>
                <config key="upper_bound">
                    <entry key="datacell" type="xstring" value="org.knime.core.data.def.DoubleCell"/>
                    <config key="org.knime.core.data.def.DoubleCell">
                        <entry key="DoubleCell" type="xdouble" value="1.9"/>
                    </config>
                </config>
            </config>
            <config key="column_properties"/>
            <config key="meta_data"/>
        </config>
        <config key="column_spec_7">
            <entry key="column_name" type="xstring" value="IQ"/>
            <config key="element_names">
                <entry key="array-size" type="xint" value="0"/>
            </config>
            <config key="column_type">
                <entry key="cell_class" type="xstring" value="org.knime.core.data.def.IntCell"/>
            </config>
            <config key="column_domain">
                <config key="lower_bound">
                    <entry key="datacell" type="xstring" value="org.knime.core.data.def.IntCell"/>
                    <config key="org.knime.core.data.def.IntCell">
                        <entry key="IntCell" type="xint" value="90"/>
                    </config>
                </config>
                <config key="upper_bound">
                    <entry key="datacell" type="xstring" value="org.knime.core.data.def.IntCell"/>
                    <config key="org.knime.core.data.def.IntCell">
                        <entry key="IntCell" type="xint" value="120"/>
                    </config>
                </config>
            </config>
            <config key="column_properties"/>
            <config key="meta_data"/>
        </config>
        <config key="column_spec_8">
            <entry key="column_name" type="xstring" value="Einkommen"/>
            <config key="element_names">
                <entry key="array-size" type="xint" value="0"/>
            </config>
            <config key="column_type">
                <entry key="cell_class" type="xstring" value="org.knime.core.data.def.IntCell"/>
            </config>
            <config key="column_domain">
                <config key="lower_bound">
                    <entry key="datacell" type="xstring" value="org.knime.core.data.def.IntCell"/>
                    <config key="org.knime.core.data.def.IntCell">
                        <entry key="IntCell" type="xint" value="25000"/>
                    </config>
                </config>
                <config key="upper_bound">
                    <entry key="datacell" type="xstring" value="org.knime.core.data.def.IntCell"/>
                    <config key="org.knime.core.data.def.IntCell">
                        <entry key="IntCell" type="xint" value="60000"/>
                    </config>
                </config>
            </config>
            <config key="column_properties"/>
            <config key="meta_data"/>
        </config>
    </config>
</config>
